"Field Heading","Field Name"
"GIS_1",
"Boro","Borough (3-digit Census code)"
"DCP_Boro","Borough (1-digit DCP code)"
"PUMA_ID","Public Use Microdata Area (4-digit Census code)"
"CD_Label","NYC Community District Number"
"CD_Name","NYC Community District Name"
"Pop16plE","Estimate; EMPLOYMENT STATUS - Population 16 years and over"
"Pop16plM","Margin of Error; EMPLOYMENT STATUS - Population 16 years and over"
"Pop16plP","Percent; EMPLOYMENT STATUS - Population 16 years and over"
"Pop16plZ","Percent Margin of Error; EMPLOYMENT STATUS - Population 16 years and over"
"LFE","Estimate; EMPLOYMENT STATUS - Population 16 years and over - In labor force"
"LFM","Margin of Error; EMPLOYMENT STATUS - Population 16 years and over - In labor force"
"LFP","Percent; EMPLOYMENT STATUS - Population 16 years and over - In labor force"
"LFZ","Percent Margin of Error; EMPLOYMENT STATUS - Population 16 years and over - In labor force"
"CvLFE","Estimate; EMPLOYMENT STATUS - Population 16 years and over - In labor force - Civilian labor force"
"CvLFM","Margin of Error; EMPLOYMENT STATUS - Population 16 years and over - In labor force - Civilian labor force"
"CvLFP","Percent; EMPLOYMENT STATUS - Population 16 years and over - In labor force - Civilian labor force"
"CvLFZ","Percent Margin of Error; EMPLOYMENT STATUS - Population 16 years and over - In labor force - Civilian labor force"
"CvEm16plE","Estimate; EMPLOYMENT STATUS - Population 16 years and over - In labor force - Civilian labor force - Employed"
"CvEm16plM","Margin of Error; EMPLOYMENT STATUS - Population 16 years and over - In labor force - Civilian labor force - Employed"
"CvEm16plP","Percent; EMPLOYMENT STATUS - Population 16 years and over - In labor force - Civilian labor force - Employed"
"CvEm16plZ","Percent Margin of Error; EMPLOYMENT STATUS - Population 16 years and over - In labor force - Civilian labor force - Employed"
"CvLFUEmE","Estimate; EMPLOYMENT STATUS - Population 16 years and over - In labor force - Civilian labor force - Unemployed"
"CvLFUEmM","Margin of Error; EMPLOYMENT STATUS - Population 16 years and over - In labor force - Civilian labor force - Unemployed"
"CvLFUEmP","Percent; EMPLOYMENT STATUS - Population 16 years and over - In labor force - Civilian labor force - Unemployed"
"CvLFUEmZ","Percent Margin of Error; EMPLOYMENT STATUS - Population 16 years and over - In labor force - Civilian labor force - Unemployed"
"LFArmdFE","Estimate; EMPLOYMENT STATUS - Population 16 years and over - In labor force - Armed Forces"
"LFArmdFM","Margin of Error; EMPLOYMENT STATUS - Population 16 years and over - In labor force - Armed Forces"
"LFArmdFP","Percent; EMPLOYMENT STATUS - Population 16 years and over - In labor force - Armed Forces"
"LFArmdFZ","Percent Margin of Error; EMPLOYMENT STATUS - Population 16 years and over - In labor force - Armed Forces"
"NLFE","Estimate; EMPLOYMENT STATUS - Population 16 years and over - Not in labor force"
"NLFM","Margin of Error; EMPLOYMENT STATUS - Population 16 years and over - Not in labor force"
"NLFP","Percent; EMPLOYMENT STATUS - Population 16 years and over - Not in labor force"
"NLFZ","Percent Margin of Error; EMPLOYMENT STATUS - Population 16 years and over - Not in labor force"
"CvLFE","Estimate; EMPLOYMENT STATUS - Civilian labor force"
"CvLFM","Margin of Error; EMPLOYMENT STATUS - Civilian labor force"
"CvLFP","Percent; EMPLOYMENT STATUS - Civilian labor force"
"CvLFZ","Percent Margin of Error; EMPLOYMENT STATUS - Civilian labor force"
"PctUEmE","Estimate; EMPLOYMENT STATUS - Civilian labor force - Percent Unemployed"
"PctUEmM","Margin of Error; EMPLOYMENT STATUS - Civilian labor force - Percent Unemployed"
"PctUEmP","Percent; EMPLOYMENT STATUS - Civilian labor force - Percent Unemployed"
"PctUEmZ","Percent Margin of Error; EMPLOYMENT STATUS - Civilian labor force - Percent Unemployed"
"F16plE","Estimate; EMPLOYMENT STATUS - Females 16 years and over"
"F16plM","Margin of Error; EMPLOYMENT STATUS - Females 16 years and over"
"F16plP","Percent; EMPLOYMENT STATUS - Females 16 years and over"
"F16plZ","Percent Margin of Error; EMPLOYMENT STATUS - Females 16 years and over"
"F16plLFE","Estimate; EMPLOYMENT STATUS - Females 16 years and over - In labor force"
"F16plLFM","Margin of Error; EMPLOYMENT STATUS - Females 16 years and over - In labor force"
"F16plLFP","Percent; EMPLOYMENT STATUS - Females 16 years and over - In labor force"
"F16plLFZ","Percent Margin of Error; EMPLOYMENT STATUS - Females 16 years and over - In labor force"
"F16plCvLFE","Estimate; EMPLOYMENT STATUS - Females 16 years and over - In labor force - Civilian labor force"
"F16plCvLFM","Margin of Error; EMPLOYMENT STATUS - Females 16 years and over - In labor force - Civilian labor force"
"F16plCvLFP","Percent; EMPLOYMENT STATUS - Females 16 years and over - In labor force - Civilian labor force"
"F16plCvLFZ","Percent Margin of Error; EMPLOYMENT STATUS - Females 16 years and over - In labor force - Civilian labor force"
"F16plCLFEE","Estimate; EMPLOYMENT STATUS - Females 16 years and over - In labor force - Civilian labor force - Employed"
"F16plCLFEM","Margin of Error; EMPLOYMENT STATUS - Females 16 years and over - In labor force - Civilian labor force - Employed"
"F16plCLFEP","Percent; EMPLOYMENT STATUS - Females 16 years and over - In labor force - Civilian labor force - Employed"
"F16plCLFEZ","Percent Margin of Error; EMPLOYMENT STATUS - Females 16 years and over - In labor force - Civilian labor force - Employed"
"OChU6E","Estimate; EMPLOYMENT STATUS - Own children under 6 years"
"OChU6M","Margin of Error; EMPLOYMENT STATUS - Own children under 6 years"
"OChU6P","Percent; EMPLOYMENT STATUS - Own children under 6 years"
"OChU6Z","Percent Margin of Error; EMPLOYMENT STATUS - Own children under 6 years"
"OChU6PLFE","Estimate; EMPLOYMENT STATUS - Own children under 6 years - All parents in family in labor force"
"OChU6PLFM","Margin of Error; EMPLOYMENT STATUS - Own children under 6 years - All parents in family in labor force"
"OChU6PLFP","Percent; EMPLOYMENT STATUS - Own children under 6 years - All parents in family in labor force"
"OChU6PLFZ","Percent Margin of Error; EMPLOYMENT STATUS - Own children under 6 years - All parents in family in labor force"
"OCh6t17E","Estimate; EMPLOYMENT STATUS - Own children 6 to 17 years"
"OCh6t17M","Margin of Error; EMPLOYMENT STATUS - Own children 6 to 17 years"
"OCh6t17P","Percent; EMPLOYMENT STATUS - Own children 6 to 17 years"
"OCh6t17Z","Percent Margin of Error; EMPLOYMENT STATUS - Own children 6 to 17 years"
"OC6t17PLFE","Estimate; EMPLOYMENT STATUS - Own children 6 to 17 years - All parents in family in labor force"
"OC6t17PLFM","Margin of Error; EMPLOYMENT STATUS - Own children 6 to 17 years - All parents in family in labor force"
"OC6t17PLFP","Percent; EMPLOYMENT STATUS - Own children 6 to 17 years - All parents in family in labor force"
"OC6t17PLFZ","Percent Margin of Error; EMPLOYMENT STATUS - Own children 6 to 17 years - All parents in family in labor force"
"Wrkr16plE","Estimate; COMMUTING TO WORK - Workers 16 years and over"
"Wrkr16plM","Margin of Error; COMMUTING TO WORK - Workers 16 years and over"
"Wrkr16plP","Percent; COMMUTING TO WORK - Workers 16 years and over"
"Wrkr16plZ","Percent Margin of Error; COMMUTING TO WORK - Workers 16 years and over"
"CW_DrvAlnE","Estimate; COMMUTING TO WORK - Workers 16 years and over - Car, truck, or van -- drove alone"
"CW_DrvAlnM","Margin of Error; COMMUTING TO WORK - Workers 16 years and over - Car, truck, or van -- drove alone"
"CW_DrvAlnP","Percent; COMMUTING TO WORK - Workers 16 years and over - Car, truck, or van -- drove alone"
"CW_DrvAlnZ","Percent Margin of Error; COMMUTING TO WORK - Workers 16 years and over - Car, truck, or van -- drove alone"
"CW_CrpldE","Estimate; COMMUTING TO WORK - Workers 16 years and over - Car, truck, or van -- carpooled"
"CW_CrpldM","Margin of Error; COMMUTING TO WORK - Workers 16 years and over - Car, truck, or van -- carpooled"
"CW_CrpldP","Percent; COMMUTING TO WORK - Workers 16 years and over - Car, truck, or van -- carpooled"
"CW_CrpldZ","Percent Margin of Error; COMMUTING TO WORK - Workers 16 years and over - Car, truck, or van -- carpooled"
"CW_PbTrnsE","Estimate; COMMUTING TO WORK - Workers 16 years and over - Public transportation (excluding taxicab)"
"CW_PbTrnsM","Margin of Error; COMMUTING TO WORK - Workers 16 years and over - Public transportation (excluding taxicab)"
"CW_PbTrnsP","Percent; COMMUTING TO WORK - Workers 16 years and over - Public transportation (excluding taxicab)"
"CW_PbTrnsZ","Percent Margin of Error; COMMUTING TO WORK - Workers 16 years and over - Public transportation (excluding taxicab)"
"CW_WlkdE","Estimate; COMMUTING TO WORK - Workers 16 years and over - Walked"
"CW_WlkdM","Margin of Error; COMMUTING TO WORK - Workers 16 years and over - Walked"
"CW_WlkdP","Percent; COMMUTING TO WORK - Workers 16 years and over - Walked"
"CW_WlkdZ","Percent Margin of Error; COMMUTING TO WORK - Workers 16 years and over - Walked"
"CW_OthE","Estimate; COMMUTING TO WORK - Workers 16 years and over - Other means"
"CW_OthM","Margin of Error; COMMUTING TO WORK - Workers 16 years and over - Other means"
"CW_OthP","Percent; COMMUTING TO WORK - Workers 16 years and over - Other means"
"CW_OthZ","Percent Margin of Error; COMMUTING TO WORK - Workers 16 years and over - Other means"
"CW_WrkdHmE","Estimate; COMMUTING TO WORK - Workers 16 years and over - Worked at home"
"CW_WrkdHmM","Margin of Error; COMMUTING TO WORK - Workers 16 years and over - Worked at home"
"CW_WrkdHmP","Percent; COMMUTING TO WORK - Workers 16 years and over - Worked at home"
"CW_WrkdHmZ","Percent Margin of Error; COMMUTING TO WORK - Workers 16 years and over - Worked at home"
"MnTrvTmE","Estimate; COMMUTING TO WORK - Mean travel time to work (minutes)"
"MnTrvTmM","Margin of Error; COMMUTING TO WORK - Mean travel time to work (minutes)"
"MnTrvTmP","Percent; COMMUTING TO WORK - Mean travel time to work (minutes)"
"MnTrvTmZ","Percent Margin of Error; COMMUTING TO WORK - Mean travel time to work (minutes)"
"CvEm16plE","Estimate; OCCUPATION - Civilian employed population 16 years and over"
"CvEm16plM","Margin of Error; OCCUPATION - Civilian employed population 16 years and over"
"CvEm16plP","Percent; OCCUPATION - Civilian employed population 16 years and over"
"CvEm16plZ","Percent Margin of Error; OCCUPATION - Civilian employed population 16 years and over"
"MgBSciArtE","Estimate; OCCUPATION - Civilian employed population 16 years and over - Management, business, science, and arts occupations"
"MgBSciArtM","Margin of Error; OCCUPATION - Civilian employed population 16 years and over - Management, business, science, and arts occupations"
"MgBSciArtP","Percent; OCCUPATION - Civilian employed population 16 years and over - Management, business, science, and arts occupations"
"MgBSciArtZ","Percent Margin of Error; OCCUPATION - Civilian employed population 16 years and over - Management, business, science, and arts occupations"
"SrvcE","Estimate; OCCUPATION - Civilian employed population 16 years and over - Service occupations"
"SrvcM","Margin of Error; OCCUPATION - Civilian employed population 16 years and over - Service occupations"
"SrvcP","Percent; OCCUPATION - Civilian employed population 16 years and over - Service occupations"
"SrvcZ","Percent Margin of Error; OCCUPATION - Civilian employed population 16 years and over - Service occupations"
"SalesOffE","Estimate; OCCUPATION - Civilian employed population 16 years and over - Sales and office occupations"
"SalesOffM","Margin of Error; OCCUPATION - Civilian employed population 16 years and over - Sales and office occupations"
"SalesOffP","Percent; OCCUPATION - Civilian employed population 16 years and over - Sales and office occupations"
"SalesOffZ","Percent Margin of Error; OCCUPATION - Civilian employed population 16 years and over - Sales and office occupations"
"NRCnstMntE","Estimate; OCCUPATION - Civilian employed population 16 years and over - Natural resources, construction, and maintenance occupations"
"NRCnstMntM","Margin of Error; OCCUPATION - Civilian employed population 16 years and over - Natural resources, construction, and maintenance occupations"
"NRCnstMntP","Percent; OCCUPATION - Civilian employed population 16 years and over - Natural resources, construction, and maintenance occupations"
"NRCnstMntZ","Percent Margin of Error; OCCUPATION - Civilian employed population 16 years and over - Natural resources, construction, and maintenance occupations"
"PrdTrnsMME","Estimate; OCCUPATION - Civilian employed population 16 years and over - Production, transportation, and material moving occupations"
"PrdTrnsMMM","Margin of Error; OCCUPATION - Civilian employed population 16 years and over - Production, transportation, and material moving occupations"
"PrdTrnsMMP","Percent; OCCUPATION - Civilian employed population 16 years and over - Production, transportation, and material moving occupations"
"PrdTrnsMMZ","Percent Margin of Error; OCCUPATION - Civilian employed population 16 years and over - Production, transportation, and material moving occupations"
"CvEm16plE","Estimate; INDUSTRY - Civilian employed population 16 years and over"
"CvEm16plM","Margin of Error; INDUSTRY - Civilian employed population 16 years and over"
"CvEm16plP","Percent; INDUSTRY - Civilian employed population 16 years and over"
"CvEm16plZ","Percent Margin of Error; INDUSTRY - Civilian employed population 16 years and over"
"AgFFHME","Estimate; INDUSTRY - Civilian employed population 16 years and over - Agriculture, forestry, fishing and hunting, and mining"
"AgFFHMM","Margin of Error; INDUSTRY - Civilian employed population 16 years and over - Agriculture, forestry, fishing and hunting, and mining"
"AgFFHMP","Percent; INDUSTRY - Civilian employed population 16 years and over - Agriculture, forestry, fishing and hunting, and mining"
"AgFFHMZ","Percent Margin of Error; INDUSTRY - Civilian employed population 16 years and over - Agriculture, forestry, fishing and hunting, and mining"
"ConstctnE","Estimate; INDUSTRY - Civilian employed population 16 years and over - Construction"
"ConstctnM","Margin of Error; INDUSTRY - Civilian employed population 16 years and over - Construction"
"ConstctnP","Percent; INDUSTRY - Civilian employed population 16 years and over - Construction"
"ConstctnZ","Percent Margin of Error; INDUSTRY - Civilian employed population 16 years and over - Construction"
"MnfctrngE","Estimate; INDUSTRY - Civilian employed population 16 years and over - Manufacturing"
"MnfctrngM","Margin of Error; INDUSTRY - Civilian employed population 16 years and over - Manufacturing"
"MnfctrngP","Percent; INDUSTRY - Civilian employed population 16 years and over - Manufacturing"
"MnfctrngZ","Percent Margin of Error; INDUSTRY - Civilian employed population 16 years and over - Manufacturing"
"WhlsaleE","Estimate; INDUSTRY - Civilian employed population 16 years and over - Wholesale trade"
"WhlsaleM","Margin of Error; INDUSTRY - Civilian employed population 16 years and over - Wholesale trade"
"WhlsaleP","Percent; INDUSTRY - Civilian employed population 16 years and over - Wholesale trade"
"WhlsaleZ","Percent Margin of Error; INDUSTRY - Civilian employed population 16 years and over - Wholesale trade"
"RetailE","Estimate; INDUSTRY - Civilian employed population 16 years and over - Retail trade"
"RetailM","Margin of Error; INDUSTRY - Civilian employed population 16 years and over - Retail trade"
"RetailP","Percent; INDUSTRY - Civilian employed population 16 years and over - Retail trade"
"RetailZ","Percent Margin of Error; INDUSTRY - Civilian employed population 16 years and over - Retail trade"
"TrWHUtE","Estimate; INDUSTRY - Civilian employed population 16 years and over - Transportation and warehousing, and utilities"
"TrWHUtM","Margin of Error; INDUSTRY - Civilian employed population 16 years and over - Transportation and warehousing, and utilities"
"TrWHUtP","Percent; INDUSTRY - Civilian employed population 16 years and over - Transportation and warehousing, and utilities"
"TrWHUtZ","Percent Margin of Error; INDUSTRY - Civilian employed population 16 years and over - Transportation and warehousing, and utilities"
"InfoE","Estimate; INDUSTRY - Civilian employed population 16 years and over - Information"
"InfoM","Margin of Error; INDUSTRY - Civilian employed population 16 years and over - Information"
"InfoP","Percent; INDUSTRY - Civilian employed population 16 years and over - Information"
"InfoZ","Percent Margin of Error; INDUSTRY - Civilian employed population 16 years and over - Information"
"FIREE","Estimate; INDUSTRY - Civilian employed population 16 years and over - Finance and insurance, and real estate and rental and leasing"
"FIREM","Margin of Error; INDUSTRY - Civilian employed population 16 years and over - Finance and insurance, and real estate and rental and leasing"
"FIREP","Percent; INDUSTRY - Civilian employed population 16 years and over - Finance and insurance, and real estate and rental and leasing"
"FIREZ","Percent Margin of Error; INDUSTRY - Civilian employed population 16 years and over - Finance and insurance, and real estate and rental and leasing"
"PrfSMgAWME","Estimate; INDUSTRY - Civilian employed population 16 years and over - Professional, scientific, and management, and administrative and waste management services"
"PrfSMgAWMM","Margin of Error; INDUSTRY - Civilian employed population 16 years and over - Professional, scientific, and management, and administrative and waste management services"
"PrfSMgAWMP","Percent; INDUSTRY - Civilian employed population 16 years and over - Professional, scientific, and management, and administrative and waste management services"
"PrfSMgAWMZ","Percent Margin of Error; INDUSTRY - Civilian employed population 16 years and over - Professional, scientific, and management, and administrative and waste management services"
"EdHlthCSAE","Estimate; INDUSTRY - Civilian employed population 16 years and over - Educational services, and health care and social assistance"
"EdHlthCSAM","Margin of Error; INDUSTRY - Civilian employed population 16 years and over - Educational services, and health care and social assistance"
"EdHlthCSAP","Percent; INDUSTRY - Civilian employed population 16 years and over - Educational services, and health care and social assistance"
"EdHlthCSAZ","Percent Margin of Error; INDUSTRY - Civilian employed population 16 years and over - Educational services, and health care and social assistance"
"ArtEnRAFSE","Estimate; INDUSTRY - Civilian employed population 16 years and over - Arts, entertainment, and recreation, and accommodation and food services"
"ArtEnRAFSM","Margin of Error; INDUSTRY - Civilian employed population 16 years and over - Arts, entertainment, and recreation, and accommodation and food services"
"ArtEnRAFSP","Percent; INDUSTRY - Civilian employed population 16 years and over - Arts, entertainment, and recreation, and accommodation and food services"
"ArtEnRAFSZ","Percent Margin of Error; INDUSTRY - Civilian employed population 16 years and over - Arts, entertainment, and recreation, and accommodation and food services"
"OthnotPAE","Estimate; INDUSTRY - Civilian employed population 16 years and over - Other services, except public administration"
"OthnotPAM","Margin of Error; INDUSTRY - Civilian employed population 16 years and over - Other services, except public administration"
"OthnotPAP","Percent; INDUSTRY - Civilian employed population 16 years and over - Other services, except public administration"
"OthnotPAZ","Percent Margin of Error; INDUSTRY - Civilian employed population 16 years and over - Other services, except public administration"
"PubAdminE","Estimate; INDUSTRY - Civilian employed population 16 years and over - Public administration"
"PubAdminM","Margin of Error; INDUSTRY - Civilian employed population 16 years and over - Public administration"
"PubAdminP","Percent; INDUSTRY - Civilian employed population 16 years and over - Public administration"
"PubAdminZ","Percent Margin of Error; INDUSTRY - Civilian employed population 16 years and over - Public administration"
"CvEm16plE","Estimate; CLASS OF WORKER - Civilian employed population 16 years and over"
"CvEm16plM","Margin of Error; CLASS OF WORKER - Civilian employed population 16 years and over"
"CvEm16plP","Percent; CLASS OF WORKER - Civilian employed population 16 years and over"
"CvEm16plZ","Percent Margin of Error; CLASS OF WORKER - Civilian employed population 16 years and over"
"PrvWSWrkrE","Estimate; CLASS OF WORKER - Civilian employed population 16 years and over - Private wage and salary workers"
"PrvWSWrkrM","Margin of Error; CLASS OF WORKER - Civilian employed population 16 years and over - Private wage and salary workers"
"PrvWSWrkrP","Percent; CLASS OF WORKER - Civilian employed population 16 years and over - Private wage and salary workers"
"PrvWSWrkrZ","Percent Margin of Error; CLASS OF WORKER - Civilian employed population 16 years and over - Private wage and salary workers"
"GvtWrkrE","Estimate; CLASS OF WORKER - Civilian employed population 16 years and over - Government workers"
"GvtWrkrM","Margin of Error; CLASS OF WORKER - Civilian employed population 16 years and over - Government workers"
"GvtWrkrP","Percent; CLASS OF WORKER - Civilian employed population 16 years and over - Government workers"
"GvtWrkrZ","Percent Margin of Error; CLASS OF WORKER - Civilian employed population 16 years and over - Government workers"
"SlfEmNIncE","Estimate; CLASS OF WORKER - Civilian employed population 16 years and over - Self-employed in own not incorporated business workers"
"SlfEmNIncM","Margin of Error; CLASS OF WORKER - Civilian employed population 16 years and over - Self-employed in own not incorporated business workers"
"SlfEmNIncP","Percent; CLASS OF WORKER - Civilian employed population 16 years and over - Self-employed in own not incorporated business workers"
"SlfEmNIncZ","Percent Margin of Error; CLASS OF WORKER - Civilian employed population 16 years and over - Self-employed in own not incorporated business workers"
"UpdFmWrkrE","Estimate; CLASS OF WORKER - Civilian employed population 16 years and over - Unpaid family workers"
"UpdFmWrkrM","Margin of Error; CLASS OF WORKER - Civilian employed population 16 years and over - Unpaid family workers"
"UpdFmWrkrP","Percent; CLASS OF WORKER - Civilian employed population 16 years and over - Unpaid family workers"
"UpdFmWrkrZ","Percent Margin of Error; CLASS OF WORKER - Civilian employed population 16 years and over - Unpaid family workers"
,
"GIS_2",
"Boro","Borough (3-digit Census code)"
"DCP_Boro","Borough (1-digit DCP code)"
"PUMA_ID","Public Use Microdata Area (4-digit Census code)"
"CD_Label","NYC Community District Number"
"CD_Name","NYC Community District Name"
"HHE","Estimate; INCOME AND BENEFITS (IN 2013 INFLATION-ADJUSTED DOLLARS) - Total households"
"HHM","Margin of Error; INCOME AND BENEFITS (IN 2013 INFLATION-ADJUSTED DOLLARS) - Total households"
"HHP","Percent; INCOME AND BENEFITS (IN 2013 INFLATION-ADJUSTED DOLLARS) - Total households"
"HHZ","Percent Margin of Error; INCOME AND BENEFITS (IN 2013 INFLATION-ADJUSTED DOLLARS) - Total households"
"HHIU10E","Estimate; INCOME AND BENEFITS (IN 2013 INFLATION-ADJUSTED DOLLARS) - Total households - Less than $10,000"
"HHIU10M","Margin of Error; INCOME AND BENEFITS (IN 2013 INFLATION-ADJUSTED DOLLARS) - Total households - Less than $10,000"
"HHIU10P","Percent; INCOME AND BENEFITS (IN 2013 INFLATION-ADJUSTED DOLLARS) - Total households - Less than $10,000"
"HHIU10Z","Percent Margin of Error; INCOME AND BENEFITS (IN 2013 INFLATION-ADJUSTED DOLLARS) - Total households - Less than $10,000"
"HHI10t14E","Estimate; INCOME AND BENEFITS (IN 2013 INFLATION-ADJUSTED DOLLARS) - Total households - $10,000 to $14,999"
"HHI10t14M","Margin of Error; INCOME AND BENEFITS (IN 2013 INFLATION-ADJUSTED DOLLARS) - Total households - $10,000 to $14,999"
"HHI10t14P","Percent; INCOME AND BENEFITS (IN 2013 INFLATION-ADJUSTED DOLLARS) - Total households - $10,000 to $14,999"
"HHI10t14Z","Percent Margin of Error; INCOME AND BENEFITS (IN 2013 INFLATION-ADJUSTED DOLLARS) - Total households - $10,000 to $14,999"
"HHI15t24E","Estimate; INCOME AND BENEFITS (IN 2013 INFLATION-ADJUSTED DOLLARS) - Total households - $15,000 to $24,999"
"HHI15t24M","Margin of Error; INCOME AND BENEFITS (IN 2013 INFLATION-ADJUSTED DOLLARS) - Total households - $15,000 to $24,999"
"HHI15t24P","Percent; INCOME AND BENEFITS (IN 2013 INFLATION-ADJUSTED DOLLARS) - Total households - $15,000 to $24,999"
"HHI15t24Z","Percent Margin of Error; INCOME AND BENEFITS (IN 2013 INFLATION-ADJUSTED DOLLARS) - Total households - $15,000 to $24,999"
"HHI25t34E","Estimate; INCOME AND BENEFITS (IN 2013 INFLATION-ADJUSTED DOLLARS) - Total households - $25,000 to $34,999"
"HHI25t34M","Margin of Error; INCOME AND BENEFITS (IN 2013 INFLATION-ADJUSTED DOLLARS) - Total households - $25,000 to $34,999"
"HHI25t34P","Percent; INCOME AND BENEFITS (IN 2013 INFLATION-ADJUSTED DOLLARS) - Total households - $25,000 to $34,999"
"HHI25t34Z","Percent Margin of Error; INCOME AND BENEFITS (IN 2013 INFLATION-ADJUSTED DOLLARS) - Total households - $25,000 to $34,999"
"HHI35t49E","Estimate; INCOME AND BENEFITS (IN 2013 INFLATION-ADJUSTED DOLLARS) - Total households - $35,000 to $49,999"
"HHI35t49M","Margin of Error; INCOME AND BENEFITS (IN 2013 INFLATION-ADJUSTED DOLLARS) - Total households - $35,000 to $49,999"
"HHI35t49P","Percent; INCOME AND BENEFITS (IN 2013 INFLATION-ADJUSTED DOLLARS) - Total households - $35,000 to $49,999"
"HHI35t49Z","Percent Margin of Error; INCOME AND BENEFITS (IN 2013 INFLATION-ADJUSTED DOLLARS) - Total households - $35,000 to $49,999"
"HHI50t74E","Estimate; INCOME AND BENEFITS (IN 2013 INFLATION-ADJUSTED DOLLARS) - Total households - $50,000 to $74,999"
"HHI50t74M","Margin of Error; INCOME AND BENEFITS (IN 2013 INFLATION-ADJUSTED DOLLARS) - Total households - $50,000 to $74,999"
"HHI50t74P","Percent; INCOME AND BENEFITS (IN 2013 INFLATION-ADJUSTED DOLLARS) - Total households - $50,000 to $74,999"
"HHI50t74Z","Percent Margin of Error; INCOME AND BENEFITS (IN 2013 INFLATION-ADJUSTED DOLLARS) - Total households - $50,000 to $74,999"
"HHI75t99E","Estimate; INCOME AND BENEFITS (IN 2013 INFLATION-ADJUSTED DOLLARS) - Total households - $75,000 to $99,999"
"HHI75t99M","Margin of Error; INCOME AND BENEFITS (IN 2013 INFLATION-ADJUSTED DOLLARS) - Total households - $75,000 to $99,999"
"HHI75t99P","Percent; INCOME AND BENEFITS (IN 2013 INFLATION-ADJUSTED DOLLARS) - Total households - $75,000 to $99,999"
"HHI75t99Z","Percent Margin of Error; INCOME AND BENEFITS (IN 2013 INFLATION-ADJUSTED DOLLARS) - Total households - $75,000 to $99,999"
"HI100t149E","Estimate; INCOME AND BENEFITS (IN 2013 INFLATION-ADJUSTED DOLLARS) - Total households - $100,000 to $149,999"
"HI100t149M","Margin of Error; INCOME AND BENEFITS (IN 2013 INFLATION-ADJUSTED DOLLARS) - Total households - $100,000 to $149,999"
"HI100t149P","Percent; INCOME AND BENEFITS (IN 2013 INFLATION-ADJUSTED DOLLARS) - Total households - $100,000 to $149,999"
"HI100t149Z","Percent Margin of Error; INCOME AND BENEFITS (IN 2013 INFLATION-ADJUSTED DOLLARS) - Total households - $100,000 to $149,999"
"HI150t199E","Estimate; INCOME AND BENEFITS (IN 2013 INFLATION-ADJUSTED DOLLARS) - Total households - $150,000 to $199,999"
"HI150t199M","Margin of Error; INCOME AND BENEFITS (IN 2013 INFLATION-ADJUSTED DOLLARS) - Total households - $150,000 to $199,999"
"HI150t199P","Percent; INCOME AND BENEFITS (IN 2013 INFLATION-ADJUSTED DOLLARS) - Total households - $150,000 to $199,999"
"HI150t199Z","Percent Margin of Error; INCOME AND BENEFITS (IN 2013 INFLATION-ADJUSTED DOLLARS) - Total households - $150,000 to $199,999"
"HHI200plE","Estimate; INCOME AND BENEFITS (IN 2013 INFLATION-ADJUSTED DOLLARS) - Total households - $200,000 or more"
"HHI200plM","Margin of Error; INCOME AND BENEFITS (IN 2013 INFLATION-ADJUSTED DOLLARS) - Total households - $200,000 or more"
"HHI200plP","Percent; INCOME AND BENEFITS (IN 2013 INFLATION-ADJUSTED DOLLARS) - Total households - $200,000 or more"
"HHI200plZ","Percent Margin of Error; INCOME AND BENEFITS (IN 2013 INFLATION-ADJUSTED DOLLARS) - Total households - $200,000 or more"
"MdHHIncE","Estimate; INCOME AND BENEFITS (IN 2013 INFLATION-ADJUSTED DOLLARS) - Total households - Median household income (dollars)"
"MdHHIncM","Margin of Error; INCOME AND BENEFITS (IN 2013 INFLATION-ADJUSTED DOLLARS) - Total households - Median household income (dollars)"
"MdHHIncP","Percent; INCOME AND BENEFITS (IN 2013 INFLATION-ADJUSTED DOLLARS) - Total households - Median household income (dollars)"
"MdHHIncZ","Percent Margin of Error; INCOME AND BENEFITS (IN 2013 INFLATION-ADJUSTED DOLLARS) - Total households - Median household income (dollars)"
"MnHHIncE","Estimate; INCOME AND BENEFITS (IN 2013 INFLATION-ADJUSTED DOLLARS) - Total households - Mean household income (dollars)"
"MnHHIncM","Margin of Error; INCOME AND BENEFITS (IN 2013 INFLATION-ADJUSTED DOLLARS) - Total households - Mean household income (dollars)"
"MnHHIncP","Percent; INCOME AND BENEFITS (IN 2013 INFLATION-ADJUSTED DOLLARS) - Total households - Mean household income (dollars)"
"MnHHIncZ","Percent Margin of Error; INCOME AND BENEFITS (IN 2013 INFLATION-ADJUSTED DOLLARS) - Total households - Mean household income (dollars)"
"PerEarnE","Estimate; INCOME AND BENEFITS (IN 2013 INFLATION-ADJUSTED DOLLARS) - With earnings"
"PerEarnM","Margin of Error; INCOME AND BENEFITS (IN 2013 INFLATION-ADJUSTED DOLLARS) - With earnings"
"PerEarnP","Percent; INCOME AND BENEFITS (IN 2013 INFLATION-ADJUSTED DOLLARS) - With earnings"
"PerEarnZ","Percent Margin of Error; INCOME AND BENEFITS (IN 2013 INFLATION-ADJUSTED DOLLARS) - With earnings"
"DolEarnE","Estimate; INCOME AND BENEFITS (IN 2013 INFLATION-ADJUSTED DOLLARS) - With earnings - Mean earnings (dollars)"
"DolEarnM","Margin of Error; INCOME AND BENEFITS (IN 2013 INFLATION-ADJUSTED DOLLARS) - With earnings - Mean earnings (dollars)"
"DolEarnP","Percent; INCOME AND BENEFITS (IN 2013 INFLATION-ADJUSTED DOLLARS) - With earnings - Mean earnings (dollars)"
"DolEarnZ","Percent Margin of Error; INCOME AND BENEFITS (IN 2013 INFLATION-ADJUSTED DOLLARS) - With earnings - Mean earnings (dollars)"
"PerSocSecE","Estimate; INCOME AND BENEFITS (IN 2013 INFLATION-ADJUSTED DOLLARS) - With Social Security"
"PerSocSecM","Margin of Error; INCOME AND BENEFITS (IN 2013 INFLATION-ADJUSTED DOLLARS) - With Social Security"
"PerSocSecP","Percent; INCOME AND BENEFITS (IN 2013 INFLATION-ADJUSTED DOLLARS) - With Social Security"
"PerSocSecZ","Percent Margin of Error; INCOME AND BENEFITS (IN 2013 INFLATION-ADJUSTED DOLLARS) - With Social Security"
"DolSocSecE","Estimate; INCOME AND BENEFITS (IN 2013 INFLATION-ADJUSTED DOLLARS) - With Social Security - Mean Social Security income (dollars)"
"DolSocSecM","Margin of Error; INCOME AND BENEFITS (IN 2013 INFLATION-ADJUSTED DOLLARS) - With Social Security - Mean Social Security income (dollars)"
"DolSocSecP","Percent; INCOME AND BENEFITS (IN 2013 INFLATION-ADJUSTED DOLLARS) - With Social Security - Mean Social Security income (dollars)"
"DolSocSecZ","Percent Margin of Error; INCOME AND BENEFITS (IN 2013 INFLATION-ADJUSTED DOLLARS) - With Social Security - Mean Social Security income (dollars)"
"PerRetIncE","Estimate; INCOME AND BENEFITS (IN 2013 INFLATION-ADJUSTED DOLLARS) - With retirement income"
"PerRetIncM","Margin of Error; INCOME AND BENEFITS (IN 2013 INFLATION-ADJUSTED DOLLARS) - With retirement income"
"PerRetIncP","Percent; INCOME AND BENEFITS (IN 2013 INFLATION-ADJUSTED DOLLARS) - With retirement income"
"PerRetIncZ","Percent Margin of Error; INCOME AND BENEFITS (IN 2013 INFLATION-ADJUSTED DOLLARS) - With retirement income"
"DolRetIncE","Estimate; INCOME AND BENEFITS (IN 2013 INFLATION-ADJUSTED DOLLARS) - With retirement income - Mean retirement income (dollars)"
"DolRetIncM","Margin of Error; INCOME AND BENEFITS (IN 2013 INFLATION-ADJUSTED DOLLARS) - With retirement income - Mean retirement income (dollars)"
"DolRetIncP","Percent; INCOME AND BENEFITS (IN 2013 INFLATION-ADJUSTED DOLLARS) - With retirement income - Mean retirement income (dollars)"
"DolRetIncZ","Percent Margin of Error; INCOME AND BENEFITS (IN 2013 INFLATION-ADJUSTED DOLLARS) - With retirement income - Mean retirement income (dollars)"
"Inc_SpSecE","Estimate; INCOME AND BENEFITS (IN 2013 INFLATION-ADJUSTED DOLLARS) - With Supplemental Security Income"
"Inc_SpSecM","Margin of Error; INCOME AND BENEFITS (IN 2013 INFLATION-ADJUSTED DOLLARS) - With Supplemental Security Income"
"Inc_SpSecP","Percent; INCOME AND BENEFITS (IN 2013 INFLATION-ADJUSTED DOLLARS) - With Supplemental Security Income"
"Inc_SpSecZ","Percent Margin of Error; INCOME AND BENEFITS (IN 2013 INFLATION-ADJUSTED DOLLARS) - With Supplemental Security Income"
"MnSoSecDlE","Estimate; INCOME AND BENEFITS (IN 2013 INFLATION-ADJUSTED DOLLARS) - With Supplemental Security Income - Mean Supplemental Security Income (dollars)"
"MnSoSecDlM","Margin of Error; INCOME AND BENEFITS (IN 2013 INFLATION-ADJUSTED DOLLARS) - With Supplemental Security Income - Mean Supplemental Security Income (dollars)"
"MnSoSecDlP","Percent; INCOME AND BENEFITS (IN 2013 INFLATION-ADJUSTED DOLLARS) - With Supplemental Security Income - Mean Supplemental Security Income (dollars)"
"MnSoSecDlZ","Percent Margin of Error; INCOME AND BENEFITS (IN 2013 INFLATION-ADJUSTED DOLLARS) - With Supplemental Security Income - Mean Supplemental Security Income (dollars)"
"Inc_CPbAE","Estimate; INCOME AND BENEFITS (IN 2013 INFLATION-ADJUSTED DOLLARS) - With cash public assistance income"
"Inc_CPbAM","Margin of Error; INCOME AND BENEFITS (IN 2013 INFLATION-ADJUSTED DOLLARS) - With cash public assistance income"
"Inc_CPbAP","Percent; INCOME AND BENEFITS (IN 2013 INFLATION-ADJUSTED DOLLARS) - With cash public assistance income"
"Inc_CPbAZ","Percent Margin of Error; INCOME AND BENEFITS (IN 2013 INFLATION-ADJUSTED DOLLARS) - With cash public assistance income"
"Dol_CPbAE","Estimate; INCOME AND BENEFITS (IN 2013 INFLATION-ADJUSTED DOLLARS) - With cash public assistance income - Mean cash public assistance income (dollars)"
"Dol_CPbAM","Margin of Error; INCOME AND BENEFITS (IN 2013 INFLATION-ADJUSTED DOLLARS) - With cash public assistance income - Mean cash public assistance income (dollars)"
"Dol_CPbAP","Percent; INCOME AND BENEFITS (IN 2013 INFLATION-ADJUSTED DOLLARS) - With cash public assistance income - Mean cash public assistance income (dollars)"
"Dol_CPbAZ","Percent Margin of Error; INCOME AND BENEFITS (IN 2013 INFLATION-ADJUSTED DOLLARS) - With cash public assistance income - Mean cash public assistance income (dollars)"
"Inc_SNAPE","Estimate; INCOME AND BENEFITS (IN 2013 INFLATION-ADJUSTED DOLLARS) - With Food Stamp/SNAP benefits in the past 12 months"
"Inc_SNAPM","Margin of Error; INCOME AND BENEFITS (IN 2013 INFLATION-ADJUSTED DOLLARS) - With Food Stamp/SNAP benefits in the past 12 months"
"Inc_SNAPP","Percent; INCOME AND BENEFITS (IN 2013 INFLATION-ADJUSTED DOLLARS) - With Food Stamp/SNAP benefits in the past 12 months"
"Inc_SNAPZ","Percent Margin of Error; INCOME AND BENEFITS (IN 2013 INFLATION-ADJUSTED DOLLARS) - With Food Stamp/SNAP benefits in the past 12 months"
"FamE","Estimate; INCOME AND BENEFITS (IN 2013 INFLATION-ADJUSTED DOLLARS) - Families"
"FamM","Margin of Error; INCOME AND BENEFITS (IN 2013 INFLATION-ADJUSTED DOLLARS) - Families"
"FamP","Percent; INCOME AND BENEFITS (IN 2013 INFLATION-ADJUSTED DOLLARS) - Families"
"FamZ","Percent Margin of Error; INCOME AND BENEFITS (IN 2013 INFLATION-ADJUSTED DOLLARS) - Families"
"FamIU10E","Estimate; INCOME AND BENEFITS (IN 2013 INFLATION-ADJUSTED DOLLARS) - Families - Less than $10,000"
"FamIU10M","Margin of Error; INCOME AND BENEFITS (IN 2013 INFLATION-ADJUSTED DOLLARS) - Families - Less than $10,000"
"FamIU10P","Percent; INCOME AND BENEFITS (IN 2013 INFLATION-ADJUSTED DOLLARS) - Families - Less than $10,000"
"FamIU10Z","Percent Margin of Error; INCOME AND BENEFITS (IN 2013 INFLATION-ADJUSTED DOLLARS) - Families - Less than $10,000"
"FamI10t14E","Estimate; INCOME AND BENEFITS (IN 2013 INFLATION-ADJUSTED DOLLARS) - Families - $10,000 to $14,999"
"FamI10t14M","Margin of Error; INCOME AND BENEFITS (IN 2013 INFLATION-ADJUSTED DOLLARS) - Families - $10,000 to $14,999"
"FamI10t14P","Percent; INCOME AND BENEFITS (IN 2013 INFLATION-ADJUSTED DOLLARS) - Families - $10,000 to $14,999"
"FamI10t14Z","Percent Margin of Error; INCOME AND BENEFITS (IN 2013 INFLATION-ADJUSTED DOLLARS) - Families - $10,000 to $14,999"
"FamI15t24E","Estimate; INCOME AND BENEFITS (IN 2013 INFLATION-ADJUSTED DOLLARS) - Families - $15,000 to $24,999"
"FamI15t24M","Margin of Error; INCOME AND BENEFITS (IN 2013 INFLATION-ADJUSTED DOLLARS) - Families - $15,000 to $24,999"
"FamI15t24P","Percent; INCOME AND BENEFITS (IN 2013 INFLATION-ADJUSTED DOLLARS) - Families - $15,000 to $24,999"
"FamI15t24Z","Percent Margin of Error; INCOME AND BENEFITS (IN 2013 INFLATION-ADJUSTED DOLLARS) - Families - $15,000 to $24,999"
"FamI25t34E","Estimate; INCOME AND BENEFITS (IN 2013 INFLATION-ADJUSTED DOLLARS) - Families - $25,000 to $34,999"
"FamI25t34M","Margin of Error; INCOME AND BENEFITS (IN 2013 INFLATION-ADJUSTED DOLLARS) - Families - $25,000 to $34,999"
"FamI25t34P","Percent; INCOME AND BENEFITS (IN 2013 INFLATION-ADJUSTED DOLLARS) - Families - $25,000 to $34,999"
"FamI25t34Z","Percent Margin of Error; INCOME AND BENEFITS (IN 2013 INFLATION-ADJUSTED DOLLARS) - Families - $25,000 to $34,999"
"FamI35t49E","Estimate; INCOME AND BENEFITS (IN 2013 INFLATION-ADJUSTED DOLLARS) - Families - $35,000 to $49,999"
"FamI35t49M","Margin of Error; INCOME AND BENEFITS (IN 2013 INFLATION-ADJUSTED DOLLARS) - Families - $35,000 to $49,999"
"FamI35t49P","Percent; INCOME AND BENEFITS (IN 2013 INFLATION-ADJUSTED DOLLARS) - Families - $35,000 to $49,999"
"FamI35t49Z","Percent Margin of Error; INCOME AND BENEFITS (IN 2013 INFLATION-ADJUSTED DOLLARS) - Families - $35,000 to $49,999"
"FamI50t74E","Estimate; INCOME AND BENEFITS (IN 2013 INFLATION-ADJUSTED DOLLARS) - Families - $50,000 to $74,999"
"FamI50t74M","Margin of Error; INCOME AND BENEFITS (IN 2013 INFLATION-ADJUSTED DOLLARS) - Families - $50,000 to $74,999"
"FamI50t74P","Percent; INCOME AND BENEFITS (IN 2013 INFLATION-ADJUSTED DOLLARS) - Families - $50,000 to $74,999"
"FamI50t74Z","Percent Margin of Error; INCOME AND BENEFITS (IN 2013 INFLATION-ADJUSTED DOLLARS) - Families - $50,000 to $74,999"
"FamI75t99E","Estimate; INCOME AND BENEFITS (IN 2013 INFLATION-ADJUSTED DOLLARS) - Families - $75,000 to $99,999"
"FamI75t99M","Margin of Error; INCOME AND BENEFITS (IN 2013 INFLATION-ADJUSTED DOLLARS) - Families - $75,000 to $99,999"
"FamI75t99P","Percent; INCOME AND BENEFITS (IN 2013 INFLATION-ADJUSTED DOLLARS) - Families - $75,000 to $99,999"
"FamI75t99Z","Percent Margin of Error; INCOME AND BENEFITS (IN 2013 INFLATION-ADJUSTED DOLLARS) - Families - $75,000 to $99,999"
"FI100t149E","Estimate; INCOME AND BENEFITS (IN 2013 INFLATION-ADJUSTED DOLLARS) - Families - $100,000 to $149,999"
"FI100t149M","Margin of Error; INCOME AND BENEFITS (IN 2013 INFLATION-ADJUSTED DOLLARS) - Families - $100,000 to $149,999"
"FI100t149P","Percent; INCOME AND BENEFITS (IN 2013 INFLATION-ADJUSTED DOLLARS) - Families - $100,000 to $149,999"
"FI100t149Z","Percent Margin of Error; INCOME AND BENEFITS (IN 2013 INFLATION-ADJUSTED DOLLARS) - Families - $100,000 to $149,999"
"FI150t199E","Estimate; INCOME AND BENEFITS (IN 2013 INFLATION-ADJUSTED DOLLARS) - Families - $150,000 to $199,999"
"FI150t199M","Margin of Error; INCOME AND BENEFITS (IN 2013 INFLATION-ADJUSTED DOLLARS) - Families - $150,000 to $199,999"
"FI150t199P","Percent; INCOME AND BENEFITS (IN 2013 INFLATION-ADJUSTED DOLLARS) - Families - $150,000 to $199,999"
"FI150t199Z","Percent Margin of Error; INCOME AND BENEFITS (IN 2013 INFLATION-ADJUSTED DOLLARS) - Families - $150,000 to $199,999"
"FamI200plE","Estimate; INCOME AND BENEFITS (IN 2013 INFLATION-ADJUSTED DOLLARS) - Families - $200,000 or more"
"FamI200plM","Margin of Error; INCOME AND BENEFITS (IN 2013 INFLATION-ADJUSTED DOLLARS) - Families - $200,000 or more"
"FamI200plP","Percent; INCOME AND BENEFITS (IN 2013 INFLATION-ADJUSTED DOLLARS) - Families - $200,000 or more"
"FamI200plZ","Percent Margin of Error; INCOME AND BENEFITS (IN 2013 INFLATION-ADJUSTED DOLLARS) - Families - $200,000 or more"
"MdFamIncE","Estimate; INCOME AND BENEFITS (IN 2013 INFLATION-ADJUSTED DOLLARS) - Families - Median family income (dollars)"
"MdFamIncM","Margin of Error; INCOME AND BENEFITS (IN 2013 INFLATION-ADJUSTED DOLLARS) - Families - Median family income (dollars)"
"MdFamIncP","Percent; INCOME AND BENEFITS (IN 2013 INFLATION-ADJUSTED DOLLARS) - Families - Median family income (dollars)"
"MdFamIncZ","Percent Margin of Error; INCOME AND BENEFITS (IN 2013 INFLATION-ADJUSTED DOLLARS) - Families - Median family income (dollars)"
"MnFamIncE","Estimate; INCOME AND BENEFITS (IN 2013 INFLATION-ADJUSTED DOLLARS) - Families - Mean family income (dollars)"
"MnFamIncM","Margin of Error; INCOME AND BENEFITS (IN 2013 INFLATION-ADJUSTED DOLLARS) - Families - Mean family income (dollars)"
"MnFamIncP","Percent; INCOME AND BENEFITS (IN 2013 INFLATION-ADJUSTED DOLLARS) - Families - Mean family income (dollars)"
"MnFamIncZ","Percent Margin of Error; INCOME AND BENEFITS (IN 2013 INFLATION-ADJUSTED DOLLARS) - Families - Mean family income (dollars)"
"PerCapIncE","Estimate; INCOME AND BENEFITS (IN 2013 INFLATION-ADJUSTED DOLLARS) - Per capita income (dollars)"
"PerCapIncM","Margin of Error; INCOME AND BENEFITS (IN 2013 INFLATION-ADJUSTED DOLLARS) - Per capita income (dollars)"
"PerCapIncP","Percent; INCOME AND BENEFITS (IN 2013 INFLATION-ADJUSTED DOLLARS) - Per capita income (dollars)"
"PerCapIncZ","Percent Margin of Error; INCOME AND BENEFITS (IN 2013 INFLATION-ADJUSTED DOLLARS) - Per capita income (dollars)"
"NFamE","Estimate; INCOME AND BENEFITS (IN 2013 INFLATION-ADJUSTED DOLLARS) - Nonfamily households"
"NFamM","Margin of Error; INCOME AND BENEFITS (IN 2013 INFLATION-ADJUSTED DOLLARS) - Nonfamily households"
"NFamP","Percent; INCOME AND BENEFITS (IN 2013 INFLATION-ADJUSTED DOLLARS) - Nonfamily households"
"NFamZ","Percent Margin of Error; INCOME AND BENEFITS (IN 2013 INFLATION-ADJUSTED DOLLARS) - Nonfamily households"
"MdNFIncE","Estimate; INCOME AND BENEFITS (IN 2013 INFLATION-ADJUSTED DOLLARS) - Nonfamily households - Median nonfamily income (dollars)"
"MdNFIncM","Margin of Error; INCOME AND BENEFITS (IN 2013 INFLATION-ADJUSTED DOLLARS) - Nonfamily households - Median nonfamily income (dollars)"
"MdNFIncP","Percent; INCOME AND BENEFITS (IN 2013 INFLATION-ADJUSTED DOLLARS) - Nonfamily households - Median nonfamily income (dollars)"
"MdNFIncZ","Percent Margin of Error; INCOME AND BENEFITS (IN 2013 INFLATION-ADJUSTED DOLLARS) - Nonfamily households - Median nonfamily income (dollars)"
"MnNFIncE","Estimate; INCOME AND BENEFITS (IN 2013 INFLATION-ADJUSTED DOLLARS) - Nonfamily households - Mean nonfamily income (dollars)"
"MnNFIncM","Margin of Error; INCOME AND BENEFITS (IN 2013 INFLATION-ADJUSTED DOLLARS) - Nonfamily households - Mean nonfamily income (dollars)"
"MnNFIncP","Percent; INCOME AND BENEFITS (IN 2013 INFLATION-ADJUSTED DOLLARS) - Nonfamily households - Mean nonfamily income (dollars)"
"MnNFIncZ","Percent Margin of Error; INCOME AND BENEFITS (IN 2013 INFLATION-ADJUSTED DOLLARS) - Nonfamily households - Mean nonfamily income (dollars)"
"MdEWrkE","Estimate; INCOME AND BENEFITS (IN 2013 INFLATION-ADJUSTED DOLLARS) - Median earnings for workers (dollars)"
"MdEWrkM","Margin of Error; INCOME AND BENEFITS (IN 2013 INFLATION-ADJUSTED DOLLARS) - Median earnings for workers (dollars)"
"MdEWrkP","Percent; INCOME AND BENEFITS (IN 2013 INFLATION-ADJUSTED DOLLARS) - Median earnings for workers (dollars)"
"MdEWrkZ","Percent Margin of Error; INCOME AND BENEFITS (IN 2013 INFLATION-ADJUSTED DOLLARS) - Median earnings for workers (dollars)"
"MdEMFTWrkE","Estimate; INCOME AND BENEFITS (IN 2013 INFLATION-ADJUSTED DOLLARS) - Median earnings for male full-time, year-round workers (dollars)"
"MdEMFTWrkM","Margin of Error; INCOME AND BENEFITS (IN 2013 INFLATION-ADJUSTED DOLLARS) - Median earnings for male full-time, year-round workers (dollars)"
"MdEMFTWrkP","Percent; INCOME AND BENEFITS (IN 2013 INFLATION-ADJUSTED DOLLARS) - Median earnings for male full-time, year-round workers (dollars)"
"MdEMFTWrkZ","Percent Margin of Error; INCOME AND BENEFITS (IN 2013 INFLATION-ADJUSTED DOLLARS) - Median earnings for male full-time, year-round workers (dollars)"
"MdEFFTWrkE","Estimate; INCOME AND BENEFITS (IN 2013 INFLATION-ADJUSTED DOLLARS) - Median earnings for female full-time, year-round workers (dollars)"
"MdEFFTWrkM","Margin of Error; INCOME AND BENEFITS (IN 2013 INFLATION-ADJUSTED DOLLARS) - Median earnings for female full-time, year-round workers (dollars)"
"MdEFFTWrkP","Percent; INCOME AND BENEFITS (IN 2013 INFLATION-ADJUSTED DOLLARS) - Median earnings for female full-time, year-round workers (dollars)"
"MdEFFTWrkZ","Percent Margin of Error; INCOME AND BENEFITS (IN 2013 INFLATION-ADJUSTED DOLLARS) - Median earnings for female full-time, year-round workers (dollars)"
,
"GIS_3",
"Boro","Borough (3-digit Census code)"
"DCP_Boro","Borough (1-digit DCP code)"
"PUMA_ID","Public Use Microdata Area (4-digit Census code)"
"CD_Label","NYC Community District Number"
"CD_Name","NYC Community District Name"
"CvNIPopE","Estimate; HEALTH INSURANCE COVERAGE - Civilian noninstitutionalized population"
"CvNIPopM","Margin of Error; HEALTH INSURANCE COVERAGE - Civilian noninstitutionalized population"
"CvNIPopP","Percent; HEALTH INSURANCE COVERAGE - Civilian noninstitutionalized population"
"CvNIPopZ","Percent Margin of Error; HEALTH INSURANCE COVERAGE - Civilian noninstitutionalized population"
"HInsE","Estimate; HEALTH INSURANCE COVERAGE - Civilian noninstitutionalized population - With health insurance coverage"
"HInsM","Margin of Error; HEALTH INSURANCE COVERAGE - Civilian noninstitutionalized population - With health insurance coverage"
"HInsP","Percent; HEALTH INSURANCE COVERAGE - Civilian noninstitutionalized population - With health insurance coverage"
"HInsZ","Percent Margin of Error; HEALTH INSURANCE COVERAGE - Civilian noninstitutionalized population - With health insurance coverage"
"PvHInsE","Estimate; HEALTH INSURANCE COVERAGE - Civilian noninstitutionalized population - With health insurance coverage - With private health insurance"
"PvHInsM","Margin of Error; HEALTH INSURANCE COVERAGE - Civilian noninstitutionalized population - With health insurance coverage - With private health insurance"
"PvHInsP","Percent; HEALTH INSURANCE COVERAGE - Civilian noninstitutionalized population - With health insurance coverage - With private health insurance"
"PvHInsZ","Percent Margin of Error; HEALTH INSURANCE COVERAGE - Civilian noninstitutionalized population - With health insurance coverage - With private health insurance"
"PbHInsE","Estimate; HEALTH INSURANCE COVERAGE - Civilian noninstitutionalized population - With health insurance coverage - With public coverage"
"PbHInsM","Margin of Error; HEALTH INSURANCE COVERAGE - Civilian noninstitutionalized population - With health insurance coverage - With public coverage"
"PbHInsP","Percent; HEALTH INSURANCE COVERAGE - Civilian noninstitutionalized population - With health insurance coverage - With public coverage"
"PbHInsZ","Percent Margin of Error; HEALTH INSURANCE COVERAGE - Civilian noninstitutionalized population - With health insurance coverage - With public coverage"
"NHInsE","Estimate; HEALTH INSURANCE COVERAGE - Civilian noninstitutionalized population - No health insurance coverage"
"NHInsM","Margin of Error; HEALTH INSURANCE COVERAGE - Civilian noninstitutionalized population - No health insurance coverage"
"NHInsP","Percent; HEALTH INSURANCE COVERAGE - Civilian noninstitutionalized population - No health insurance coverage"
"NHInsZ","Percent Margin of Error; HEALTH INSURANCE COVERAGE - Civilian noninstitutionalized population - No health insurance coverage"
"CvNIU18E","Estimate; HEALTH INSURANCE COVERAGE - Civilian noninstitutionalized population under 18 years"
"CvNIU18M","Margin of Error; HEALTH INSURANCE COVERAGE - Civilian noninstitutionalized population under 18 years"
"CvNIU18P","Percent; HEALTH INSURANCE COVERAGE - Civilian noninstitutionalized population under 18 years"
"CvNIU18Z","Percent Margin of Error; HEALTH INSURANCE COVERAGE - Civilian noninstitutionalized population under 18 years"
"U18NHInsE","Estimate; HEALTH INSURANCE COVERAGE - Civilian noninstitutionalized population under 18 years - No health insurance coverage"
"U18NHInsM","Margin of Error; HEALTH INSURANCE COVERAGE - Civilian noninstitutionalized population under 18 years - No health insurance coverage"
"U18NHInsP","Percent; HEALTH INSURANCE COVERAGE - Civilian noninstitutionalized population under 18 years - No health insurance coverage"
"U18NHInsZ","Percent Margin of Error; HEALTH INSURANCE COVERAGE - Civilian noninstitutionalized population under 18 years - No health insurance coverage"
"CvNI18t64E","Estimate; HEALTH INSURANCE COVERAGE - Civilian noninstitutionalized population 18 to 64 years"
"CvNI18t64M","Margin of Error; HEALTH INSURANCE COVERAGE - Civilian noninstitutionalized population 18 to 64 years"
"CvNI18t64P","Percent; HEALTH INSURANCE COVERAGE - Civilian noninstitutionalized population 18 to 64 years"
"CvNI18t64Z","Percent Margin of Error; HEALTH INSURANCE COVERAGE - Civilian noninstitutionalized population 18 to 64 years"
"CvLF18t64E","Estimate; HEALTH INSURANCE COVERAGE - Civilian noninstitutionalized population 18 to 64 years - In labor force:"
"CvLF18t64M","Margin of Error; HEALTH INSURANCE COVERAGE - Civilian noninstitutionalized population 18 to 64 years - In labor force:"
"CvLF18t64P","Percent; HEALTH INSURANCE COVERAGE - Civilian noninstitutionalized population 18 to 64 years - In labor force:"
"CvLF18t64Z","Percent Margin of Error; HEALTH INSURANCE COVERAGE - Civilian noninstitutionalized population 18 to 64 years - In labor force:"
"CvLFEmE","Estimate; HEALTH INSURANCE COVERAGE - Civilian noninstitutionalized population 18 to 64 years - In labor force: - Employed:"
"CvLFEmM","Margin of Error; HEALTH INSURANCE COVERAGE - Civilian noninstitutionalized population 18 to 64 years - In labor force: - Employed:"
"CvLFEmP","Percent; HEALTH INSURANCE COVERAGE - Civilian noninstitutionalized population 18 to 64 years - In labor force: - Employed:"
"CvLFEmZ","Percent Margin of Error; HEALTH INSURANCE COVERAGE - Civilian noninstitutionalized population 18 to 64 years - In labor force: - Employed:"
"EmHInsE","Estimate; HEALTH INSURANCE COVERAGE - Civilian noninstitutionalized population 18 to 64 years - In labor force: - Employed: - With health insurance coverage"
"EmHInsM","Margin of Error; HEALTH INSURANCE COVERAGE - Civilian noninstitutionalized population 18 to 64 years - In labor force: - Employed: - With health insurance coverage"
"EmHInsP","Percent; HEALTH INSURANCE COVERAGE - Civilian noninstitutionalized population 18 to 64 years - In labor force: - Employed: - With health insurance coverage"
"EmHInsZ","Percent Margin of Error; HEALTH INSURANCE COVERAGE - Civilian noninstitutionalized population 18 to 64 years - In labor force: - Employed: - With health insurance coverage"
"EmPvHInsE","Estimate; HEALTH INSURANCE COVERAGE - Civilian noninstitutionalized population 18 to 64 years - In labor force: - Employed: - With health insurance coverage - With private health insurance"
"EmPvHInsM","Margin of Error; HEALTH INSURANCE COVERAGE - Civilian noninstitutionalized population 18 to 64 years - In labor force: - Employed: - With health insurance coverage - With private health insurance"
"EmPvHInsP","Percent; HEALTH INSURANCE COVERAGE - Civilian noninstitutionalized population 18 to 64 years - In labor force: - Employed: - With health insurance coverage - With private health insurance"
"EmPvHInsZ","Percent Margin of Error; HEALTH INSURANCE COVERAGE - Civilian noninstitutionalized population 18 to 64 years - In labor force: - Employed: - With health insurance coverage - With private health insurance"
"EmPbHInsE","Estimate; HEALTH INSURANCE COVERAGE - Civilian noninstitutionalized population 18 to 64 years - In labor force: - Employed: - With health insurance coverage - With public coverage"
"EmPbHInsM","Margin of Error; HEALTH INSURANCE COVERAGE - Civilian noninstitutionalized population 18 to 64 years - In labor force: - Employed: - With health insurance coverage - With public coverage"
"EmPbHInsP","Percent; HEALTH INSURANCE COVERAGE - Civilian noninstitutionalized population 18 to 64 years - In labor force: - Employed: - With health insurance coverage - With public coverage"
"EmPbHInsZ","Percent Margin of Error; HEALTH INSURANCE COVERAGE - Civilian noninstitutionalized population 18 to 64 years - In labor force: - Employed: - With health insurance coverage - With public coverage"
"EmNHInsE","Estimate; HEALTH INSURANCE COVERAGE - Civilian noninstitutionalized population 18 to 64 years - In labor force: - Employed: - No health insurance coverage"
"EmNHInsM","Margin of Error; HEALTH INSURANCE COVERAGE - Civilian noninstitutionalized population 18 to 64 years - In labor force: - Employed: - No health insurance coverage"
"EmNHInsP","Percent; HEALTH INSURANCE COVERAGE - Civilian noninstitutionalized population 18 to 64 years - In labor force: - Employed: - No health insurance coverage"
"EmNHInsZ","Percent Margin of Error; HEALTH INSURANCE COVERAGE - Civilian noninstitutionalized population 18 to 64 years - In labor force: - Employed: - No health insurance coverage"
"UEmE","Estimate; HEALTH INSURANCE COVERAGE - Civilian noninstitutionalized population 18 to 64 years - In labor force: - Unemployed:"
"UEmM","Margin of Error; HEALTH INSURANCE COVERAGE - Civilian noninstitutionalized population 18 to 64 years - In labor force: - Unemployed:"
"UEmP","Percent; HEALTH INSURANCE COVERAGE - Civilian noninstitutionalized population 18 to 64 years - In labor force: - Unemployed:"
"UEmZ","Percent Margin of Error; HEALTH INSURANCE COVERAGE - Civilian noninstitutionalized population 18 to 64 years - In labor force: - Unemployed:"
"UEmHInsE","Estimate; HEALTH INSURANCE COVERAGE - Civilian noninstitutionalized population 18 to 64 years - In labor force: - Unemployed: - With health insurance coverage"
"UEmHInsM","Margin of Error; HEALTH INSURANCE COVERAGE - Civilian noninstitutionalized population 18 to 64 years - In labor force: - Unemployed: - With health insurance coverage"
"UEmHInsP","Percent; HEALTH INSURANCE COVERAGE - Civilian noninstitutionalized population 18 to 64 years - In labor force: - Unemployed: - With health insurance coverage"
"UEmHInsZ","Percent Margin of Error; HEALTH INSURANCE COVERAGE - Civilian noninstitutionalized population 18 to 64 years - In labor force: - Unemployed: - With health insurance coverage"
"UEmPvHInsE","Estimate; HEALTH INSURANCE COVERAGE - Civilian noninstitutionalized population 18 to 64 years - In labor force: - Unemployed: - With health insurance coverage - With private health insurance"
"UEmPvHInsM","Margin of Error; HEALTH INSURANCE COVERAGE - Civilian noninstitutionalized population 18 to 64 years - In labor force: - Unemployed: - With health insurance coverage - With private health insurance"
"UEmPvHInsP","Percent; HEALTH INSURANCE COVERAGE - Civilian noninstitutionalized population 18 to 64 years - In labor force: - Unemployed: - With health insurance coverage - With private health insurance"
"UEmPvHInsZ","Percent Margin of Error; HEALTH INSURANCE COVERAGE - Civilian noninstitutionalized population 18 to 64 years - In labor force: - Unemployed: - With health insurance coverage - With private health insurance"
"UEmPbHInsE","Estimate; HEALTH INSURANCE COVERAGE - Civilian noninstitutionalized population 18 to 64 years - In labor force: - Unemployed: - With health insurance coverage - With public coverage"
"UEmPbHInsM","Margin of Error; HEALTH INSURANCE COVERAGE - Civilian noninstitutionalized population 18 to 64 years - In labor force: - Unemployed: - With health insurance coverage - With public coverage"
"UEmPbHInsP","Percent; HEALTH INSURANCE COVERAGE - Civilian noninstitutionalized population 18 to 64 years - In labor force: - Unemployed: - With health insurance coverage - With public coverage"
"UEmPbHInsZ","Percent Margin of Error; HEALTH INSURANCE COVERAGE - Civilian noninstitutionalized population 18 to 64 years - In labor force: - Unemployed: - With health insurance coverage - With public coverage"
"UEmNHInsE","Estimate; HEALTH INSURANCE COVERAGE - Civilian noninstitutionalized population 18 to 64 years - In labor force: - Unemployed: - No health insurance coverage"
"UEmNHInsM","Margin of Error; HEALTH INSURANCE COVERAGE - Civilian noninstitutionalized population 18 to 64 years - In labor force: - Unemployed: - No health insurance coverage"
"UEmNHInsP","Percent; HEALTH INSURANCE COVERAGE - Civilian noninstitutionalized population 18 to 64 years - In labor force: - Unemployed: - No health insurance coverage"
"UEmNHInsZ","Percent Margin of Error; HEALTH INSURANCE COVERAGE - Civilian noninstitutionalized population 18 to 64 years - In labor force: - Unemployed: - No health insurance coverage"
"NLFE","Estimate; HEALTH INSURANCE COVERAGE - Civilian noninstitutionalized population 18 to 64 years - Not in labor force:"
"NLFM","Margin of Error; HEALTH INSURANCE COVERAGE - Civilian noninstitutionalized population 18 to 64 years - Not in labor force:"
"NLFP","Percent; HEALTH INSURANCE COVERAGE - Civilian noninstitutionalized population 18 to 64 years - Not in labor force:"
"NLFZ","Percent Margin of Error; HEALTH INSURANCE COVERAGE - Civilian noninstitutionalized population 18 to 64 years - Not in labor force:"
"NLFHInsE","Estimate; HEALTH INSURANCE COVERAGE - Civilian noninstitutionalized population 18 to 64 years - Not in labor force: - With health insurance coverage"
"NLFHInsM","Margin of Error; HEALTH INSURANCE COVERAGE - Civilian noninstitutionalized population 18 to 64 years - Not in labor force: - With health insurance coverage"
"NLFHInsP","Percent; HEALTH INSURANCE COVERAGE - Civilian noninstitutionalized population 18 to 64 years - Not in labor force: - With health insurance coverage"
"NLFHInsZ","Percent Margin of Error; HEALTH INSURANCE COVERAGE - Civilian noninstitutionalized population 18 to 64 years - Not in labor force: - With health insurance coverage"
"NLFPvHInsE","Estimate; HEALTH INSURANCE COVERAGE - Civilian noninstitutionalized population 18 to 64 years - Not in labor force: - With health insurance coverage - With private health insurance"
"NLFPvHInsM","Margin of Error; HEALTH INSURANCE COVERAGE - Civilian noninstitutionalized population 18 to 64 years - Not in labor force: - With health insurance coverage - With private health insurance"
"NLFPvHInsP","Percent; HEALTH INSURANCE COVERAGE - Civilian noninstitutionalized population 18 to 64 years - Not in labor force: - With health insurance coverage - With private health insurance"
"NLFPvHInsZ","Percent Margin of Error; HEALTH INSURANCE COVERAGE - Civilian noninstitutionalized population 18 to 64 years - Not in labor force: - With health insurance coverage - With private health insurance"
"NLFPbHInsE","Estimate; HEALTH INSURANCE COVERAGE - Civilian noninstitutionalized population 18 to 64 years - Not in labor force: - With health insurance coverage - With public coverage"
"NLFPbHInsM","Margin of Error; HEALTH INSURANCE COVERAGE - Civilian noninstitutionalized population 18 to 64 years - Not in labor force: - With health insurance coverage - With public coverage"
"NLFPbHInsP","Percent; HEALTH INSURANCE COVERAGE - Civilian noninstitutionalized population 18 to 64 years - Not in labor force: - With health insurance coverage - With public coverage"
"NLFPbHInsZ","Percent Margin of Error; HEALTH INSURANCE COVERAGE - Civilian noninstitutionalized population 18 to 64 years - Not in labor force: - With health insurance coverage - With public coverage"
"NLFNHInsE","Estimate; HEALTH INSURANCE COVERAGE - Civilian noninstitutionalized population 18 to 64 years - Not in labor force: - No health insurance coverage"
"NLFNHInsM","Margin of Error; HEALTH INSURANCE COVERAGE - Civilian noninstitutionalized population 18 to 64 years - Not in labor force: - No health insurance coverage"
"NLFNHInsP","Percent; HEALTH INSURANCE COVERAGE - Civilian noninstitutionalized population 18 to 64 years - Not in labor force: - No health insurance coverage"
"NLFNHInsZ","Percent Margin of Error; HEALTH INSURANCE COVERAGE - Civilian noninstitutionalized population 18 to 64 years - Not in labor force: - No health insurance coverage"
"FamBwPvE","Estimate; PERCENTAGE OF FAMILIES AND PEOPLE WHOSE INCOME IN THE PAST 12 MONTHS IS BELOW THE POVERTY LEVEL - All families"
"FamBwPvM","Margin of Error; PERCENTAGE OF FAMILIES AND PEOPLE WHOSE INCOME IN THE PAST 12 MONTHS IS BELOW THE POVERTY LEVEL - All families"
"FamBwPvP","Percent; PERCENTAGE OF FAMILIES AND PEOPLE WHOSE INCOME IN THE PAST 12 MONTHS IS BELOW THE POVERTY LEVEL - All families"
"FamBwPvZ","Percent Margin of Error; PERCENTAGE OF FAMILIES AND PEOPLE WHOSE INCOME IN THE PAST 12 MONTHS IS BELOW THE POVERTY LEVEL - All families"
"FCU18BwPvE","Estimate; PERCENTAGE OF FAMILIES AND PEOPLE WHOSE INCOME IN THE PAST 12 MONTHS IS BELOW THE POVERTY LEVEL - All families - With related children under 18 years"
"FCU18BwPvM","Margin of Error; PERCENTAGE OF FAMILIES AND PEOPLE WHOSE INCOME IN THE PAST 12 MONTHS IS BELOW THE POVERTY LEVEL - All families - With related children under 18 years"
"FCU18BwPvP","Percent; PERCENTAGE OF FAMILIES AND PEOPLE WHOSE INCOME IN THE PAST 12 MONTHS IS BELOW THE POVERTY LEVEL - All families - With related children under 18 years"
"FCU18BwPvZ","Percent Margin of Error; PERCENTAGE OF FAMILIES AND PEOPLE WHOSE INCOME IN THE PAST 12 MONTHS IS BELOW THE POVERTY LEVEL - All families - With related children under 18 years"
"FCU5BwPvE","Estimate; PERCENTAGE OF FAMILIES AND PEOPLE WHOSE INCOME IN THE PAST 12 MONTHS IS BELOW THE POVERTY LEVEL - All families - With related children under 18 years - With related children under 5 years only"
"FCU5BwPvM","Margin of Error; PERCENTAGE OF FAMILIES AND PEOPLE WHOSE INCOME IN THE PAST 12 MONTHS IS BELOW THE POVERTY LEVEL - All families - With related children under 18 years - With related children under 5 years only"
"FCU5BwPvP","Percent; PERCENTAGE OF FAMILIES AND PEOPLE WHOSE INCOME IN THE PAST 12 MONTHS IS BELOW THE POVERTY LEVEL - All families - With related children under 18 years - With related children under 5 years only"
"FCU5BwPvZ","Percent Margin of Error; PERCENTAGE OF FAMILIES AND PEOPLE WHOSE INCOME IN THE PAST 12 MONTHS IS BELOW THE POVERTY LEVEL - All families - With related children under 18 years - With related children under 5 years only"
"FMcBwPvE","Estimate; PERCENTAGE OF FAMILIES AND PEOPLE WHOSE INCOME IN THE PAST 12 MONTHS IS BELOW THE POVERTY LEVEL - Married couple families"
"FMcBwPvM","Margin of Error; PERCENTAGE OF FAMILIES AND PEOPLE WHOSE INCOME IN THE PAST 12 MONTHS IS BELOW THE POVERTY LEVEL - Married couple families"
"FMcBwPvP","Percent; PERCENTAGE OF FAMILIES AND PEOPLE WHOSE INCOME IN THE PAST 12 MONTHS IS BELOW THE POVERTY LEVEL - Married couple families"
"FMcBwPvZ","Percent Margin of Error; PERCENTAGE OF FAMILIES AND PEOPLE WHOSE INCOME IN THE PAST 12 MONTHS IS BELOW THE POVERTY LEVEL - Married couple families"
"FMc18BwPvE","Estimate; PERCENTAGE OF FAMILIES AND PEOPLE WHOSE INCOME IN THE PAST 12 MONTHS IS BELOW THE POVERTY LEVEL - Married couple families - With related children under 18 years"
"FMc18BwPvM","Margin of Error; PERCENTAGE OF FAMILIES AND PEOPLE WHOSE INCOME IN THE PAST 12 MONTHS IS BELOW THE POVERTY LEVEL - Married couple families - With related children under 18 years"
"FMc18BwPvP","Percent; PERCENTAGE OF FAMILIES AND PEOPLE WHOSE INCOME IN THE PAST 12 MONTHS IS BELOW THE POVERTY LEVEL - Married couple families - With related children under 18 years"
"FMc18BwPvZ","Percent Margin of Error; PERCENTAGE OF FAMILIES AND PEOPLE WHOSE INCOME IN THE PAST 12 MONTHS IS BELOW THE POVERTY LEVEL - Married couple families - With related children under 18 years"
"FMc5BwPvE","Estimate; PERCENTAGE OF FAMILIES AND PEOPLE WHOSE INCOME IN THE PAST 12 MONTHS IS BELOW THE POVERTY LEVEL - Married couple families - With related children under 18 years - With related children under 5 years only"
"FMc5BwPvM","Margin of Error; PERCENTAGE OF FAMILIES AND PEOPLE WHOSE INCOME IN THE PAST 12 MONTHS IS BELOW THE POVERTY LEVEL - Married couple families - With related children under 18 years - With related children under 5 years only"
"FMc5BwPvP","Percent; PERCENTAGE OF FAMILIES AND PEOPLE WHOSE INCOME IN THE PAST 12 MONTHS IS BELOW THE POVERTY LEVEL - Married couple families - With related children under 18 years - With related children under 5 years only"
"FMc5BwPvZ","Percent Margin of Error; PERCENTAGE OF FAMILIES AND PEOPLE WHOSE INCOME IN THE PAST 12 MONTHS IS BELOW THE POVERTY LEVEL - Married couple families - With related children under 18 years - With related children under 5 years only"
"FNHBwPvE","Estimate; PERCENTAGE OF FAMILIES AND PEOPLE WHOSE INCOME IN THE PAST 12 MONTHS IS BELOW THE POVERTY LEVEL - Families with female householder, no husband present"
"FNHBwPvM","Margin of Error; PERCENTAGE OF FAMILIES AND PEOPLE WHOSE INCOME IN THE PAST 12 MONTHS IS BELOW THE POVERTY LEVEL - Families with female householder, no husband present"
"FNHBwPvP","Percent; PERCENTAGE OF FAMILIES AND PEOPLE WHOSE INCOME IN THE PAST 12 MONTHS IS BELOW THE POVERTY LEVEL - Families with female householder, no husband present"
"FNHBwPvZ","Percent Margin of Error; PERCENTAGE OF FAMILIES AND PEOPLE WHOSE INCOME IN THE PAST 12 MONTHS IS BELOW THE POVERTY LEVEL - Families with female householder, no husband present"
"FNH18BwPvE","Estimate; PERCENTAGE OF FAMILIES AND PEOPLE WHOSE INCOME IN THE PAST 12 MONTHS IS BELOW THE POVERTY LEVEL - Families with female householder, no husband present - With related children under 18 years"
"FNH18BwPvM","Margin of Error; PERCENTAGE OF FAMILIES AND PEOPLE WHOSE INCOME IN THE PAST 12 MONTHS IS BELOW THE POVERTY LEVEL - Families with female householder, no husband present - With related children under 18 years"
"FNH18BwPvP","Percent; PERCENTAGE OF FAMILIES AND PEOPLE WHOSE INCOME IN THE PAST 12 MONTHS IS BELOW THE POVERTY LEVEL - Families with female householder, no husband present - With related children under 18 years"
"FNH18BwPvZ","Percent Margin of Error; PERCENTAGE OF FAMILIES AND PEOPLE WHOSE INCOME IN THE PAST 12 MONTHS IS BELOW THE POVERTY LEVEL - Families with female householder, no husband present - With related children under 18 years"
"FNH5BwPvE","Estimate; PERCENTAGE OF FAMILIES AND PEOPLE WHOSE INCOME IN THE PAST 12 MONTHS IS BELOW THE POVERTY LEVEL - Families with female householder, no husband present - With related children under 18 years - With related children under 5 years only"
"FNH5BwPvM","Margin of Error; PERCENTAGE OF FAMILIES AND PEOPLE WHOSE INCOME IN THE PAST 12 MONTHS IS BELOW THE POVERTY LEVEL - Families with female householder, no husband present - With related children under 18 years - With related children under 5 years only"
"FNH5BwPvP","Percent; PERCENTAGE OF FAMILIES AND PEOPLE WHOSE INCOME IN THE PAST 12 MONTHS IS BELOW THE POVERTY LEVEL - Families with female householder, no husband present - With related children under 18 years - With related children under 5 years only"
"FNH5BwPvZ","Percent Margin of Error; PERCENTAGE OF FAMILIES AND PEOPLE WHOSE INCOME IN THE PAST 12 MONTHS IS BELOW THE POVERTY LEVEL - Families with female householder, no husband present - With related children under 18 years - With related children under 5 years only"
"PBwPvE","Estimate; PERCENTAGE OF FAMILIES AND PEOPLE WHOSE INCOME IN THE PAST 12 MONTHS IS BELOW THE POVERTY LEVEL - All people"
"PBwPvM","Margin of Error; PERCENTAGE OF FAMILIES AND PEOPLE WHOSE INCOME IN THE PAST 12 MONTHS IS BELOW THE POVERTY LEVEL - All people"
"PBwPvP","Percent; PERCENTAGE OF FAMILIES AND PEOPLE WHOSE INCOME IN THE PAST 12 MONTHS IS BELOW THE POVERTY LEVEL - All people"
"PBwPvZ","Percent Margin of Error; PERCENTAGE OF FAMILIES AND PEOPLE WHOSE INCOME IN THE PAST 12 MONTHS IS BELOW THE POVERTY LEVEL - All people"
"PU18BwPvE","Estimate; PERCENTAGE OF FAMILIES AND PEOPLE WHOSE INCOME IN THE PAST 12 MONTHS IS BELOW THE POVERTY LEVEL - Under 18 years"
"PU18BwPvM","Margin of Error; PERCENTAGE OF FAMILIES AND PEOPLE WHOSE INCOME IN THE PAST 12 MONTHS IS BELOW THE POVERTY LEVEL - Under 18 years"
"PU18BwPvP","Percent; PERCENTAGE OF FAMILIES AND PEOPLE WHOSE INCOME IN THE PAST 12 MONTHS IS BELOW THE POVERTY LEVEL - Under 18 years"
"PU18BwPvZ","Percent Margin of Error; PERCENTAGE OF FAMILIES AND PEOPLE WHOSE INCOME IN THE PAST 12 MONTHS IS BELOW THE POVERTY LEVEL - Under 18 years"
"PU18cBwPvE","Estimate; PERCENTAGE OF FAMILIES AND PEOPLE WHOSE INCOME IN THE PAST 12 MONTHS IS BELOW THE POVERTY LEVEL - Under 18 years - Related children under 18 years"
"PU18cBwPvM","Margin of Error; PERCENTAGE OF FAMILIES AND PEOPLE WHOSE INCOME IN THE PAST 12 MONTHS IS BELOW THE POVERTY LEVEL - Under 18 years - Related children under 18 years"
"PU18cBwPvP","Percent; PERCENTAGE OF FAMILIES AND PEOPLE WHOSE INCOME IN THE PAST 12 MONTHS IS BELOW THE POVERTY LEVEL - Under 18 years - Related children under 18 years"
"PU18cBwPvZ","Percent Margin of Error; PERCENTAGE OF FAMILIES AND PEOPLE WHOSE INCOME IN THE PAST 12 MONTHS IS BELOW THE POVERTY LEVEL - Under 18 years - Related children under 18 years"
"PU5cBwPvE","Estimate; PERCENTAGE OF FAMILIES AND PEOPLE WHOSE INCOME IN THE PAST 12 MONTHS IS BELOW THE POVERTY LEVEL - Under 18 years - Related children under 18 years - Related children under 5 years"
"PU5cBwPvM","Margin of Error; PERCENTAGE OF FAMILIES AND PEOPLE WHOSE INCOME IN THE PAST 12 MONTHS IS BELOW THE POVERTY LEVEL - Under 18 years - Related children under 18 years - Related children under 5 years"
"PU5cBwPvP","Percent; PERCENTAGE OF FAMILIES AND PEOPLE WHOSE INCOME IN THE PAST 12 MONTHS IS BELOW THE POVERTY LEVEL - Under 18 years - Related children under 18 years - Related children under 5 years"
"PU5cBwPvZ","Percent Margin of Error; PERCENTAGE OF FAMILIES AND PEOPLE WHOSE INCOME IN THE PAST 12 MONTHS IS BELOW THE POVERTY LEVEL - Under 18 years - Related children under 18 years - Related children under 5 years"
"PU517BwPvE","Estimate; PERCENTAGE OF FAMILIES AND PEOPLE WHOSE INCOME IN THE PAST 12 MONTHS IS BELOW THE POVERTY LEVEL - Under 18 years - Related children under 18 years - Related children 5 to 17 years"
"PU517BwPvM","Margin of Error; PERCENTAGE OF FAMILIES AND PEOPLE WHOSE INCOME IN THE PAST 12 MONTHS IS BELOW THE POVERTY LEVEL - Under 18 years - Related children under 18 years - Related children 5 to 17 years"
"PU517BwPvP","Percent; PERCENTAGE OF FAMILIES AND PEOPLE WHOSE INCOME IN THE PAST 12 MONTHS IS BELOW THE POVERTY LEVEL - Under 18 years - Related children under 18 years - Related children 5 to 17 years"
"PU517BwPvZ","Percent Margin of Error; PERCENTAGE OF FAMILIES AND PEOPLE WHOSE INCOME IN THE PAST 12 MONTHS IS BELOW THE POVERTY LEVEL - Under 18 years - Related children under 18 years - Related children 5 to 17 years"
"P18pBwPvE","Estimate; PERCENTAGE OF FAMILIES AND PEOPLE WHOSE INCOME IN THE PAST 12 MONTHS IS BELOW THE POVERTY LEVEL - 18 years and over"
"P18pBwPvM","Margin of Error; PERCENTAGE OF FAMILIES AND PEOPLE WHOSE INCOME IN THE PAST 12 MONTHS IS BELOW THE POVERTY LEVEL - 18 years and over"
"P18pBwPvP","Percent; PERCENTAGE OF FAMILIES AND PEOPLE WHOSE INCOME IN THE PAST 12 MONTHS IS BELOW THE POVERTY LEVEL - 18 years and over"
"P18pBwPvZ","Percent Margin of Error; PERCENTAGE OF FAMILIES AND PEOPLE WHOSE INCOME IN THE PAST 12 MONTHS IS BELOW THE POVERTY LEVEL - 18 years and over"
"P1864BwPvE","Estimate; PERCENTAGE OF FAMILIES AND PEOPLE WHOSE INCOME IN THE PAST 12 MONTHS IS BELOW THE POVERTY LEVEL - 18 to 64 years"
"P1864BwPvM","Margin of Error; PERCENTAGE OF FAMILIES AND PEOPLE WHOSE INCOME IN THE PAST 12 MONTHS IS BELOW THE POVERTY LEVEL - 18 to 64 years"
"P1864BwPvP","Percent; PERCENTAGE OF FAMILIES AND PEOPLE WHOSE INCOME IN THE PAST 12 MONTHS IS BELOW THE POVERTY LEVEL - 18 to 64 years"
"P1864BwPvZ","Percent Margin of Error; PERCENTAGE OF FAMILIES AND PEOPLE WHOSE INCOME IN THE PAST 12 MONTHS IS BELOW THE POVERTY LEVEL - 18 to 64 years"
"P65plBwPvE","Estimate; PERCENTAGE OF FAMILIES AND PEOPLE WHOSE INCOME IN THE PAST 12 MONTHS IS BELOW THE POVERTY LEVEL - 65 years and over"
"P65plBwPvM","Margin of Error; PERCENTAGE OF FAMILIES AND PEOPLE WHOSE INCOME IN THE PAST 12 MONTHS IS BELOW THE POVERTY LEVEL - 65 years and over"
"P65plBwPvP","Percent; PERCENTAGE OF FAMILIES AND PEOPLE WHOSE INCOME IN THE PAST 12 MONTHS IS BELOW THE POVERTY LEVEL - 65 years and over"
"P65plBwPvZ","Percent Margin of Error; PERCENTAGE OF FAMILIES AND PEOPLE WHOSE INCOME IN THE PAST 12 MONTHS IS BELOW THE POVERTY LEVEL - 65 years and over"
"P65pFBwPvE","Estimate; PERCENTAGE OF FAMILIES AND PEOPLE WHOSE INCOME IN THE PAST 12 MONTHS IS BELOW THE POVERTY LEVEL - 65 years and over - People in families"
"P65pFBwPvM","Margin of Error; PERCENTAGE OF FAMILIES AND PEOPLE WHOSE INCOME IN THE PAST 12 MONTHS IS BELOW THE POVERTY LEVEL - 65 years and over - People in families"
"P65pFBwPvP","Percent; PERCENTAGE OF FAMILIES AND PEOPLE WHOSE INCOME IN THE PAST 12 MONTHS IS BELOW THE POVERTY LEVEL - 65 years and over - People in families"
"P65pFBwPvZ","Percent Margin of Error; PERCENTAGE OF FAMILIES AND PEOPLE WHOSE INCOME IN THE PAST 12 MONTHS IS BELOW THE POVERTY LEVEL - 65 years and over - People in families"
"P6515BwPvE","Estimate; PERCENTAGE OF FAMILIES AND PEOPLE WHOSE INCOME IN THE PAST 12 MONTHS IS BELOW THE POVERTY LEVEL - 65 years and over - Unrelated individuals 15 years and over"
"P6515BwPvM","Margin of Error; PERCENTAGE OF FAMILIES AND PEOPLE WHOSE INCOME IN THE PAST 12 MONTHS IS BELOW THE POVERTY LEVEL - 65 years and over - Unrelated individuals 15 years and over"
"P6515BwPvP","Percent; PERCENTAGE OF FAMILIES AND PEOPLE WHOSE INCOME IN THE PAST 12 MONTHS IS BELOW THE POVERTY LEVEL - 65 years and over - Unrelated individuals 15 years and over"
"P6515BwPvZ","Percent Margin of Error; PERCENTAGE OF FAMILIES AND PEOPLE WHOSE INCOME IN THE PAST 12 MONTHS IS BELOW THE POVERTY LEVEL - 65 years and over - Unrelated individuals 15 years and over"
